MJD,FLUX,MAG,SN
3485.889391409672,18594.878044588742,9.766516664092832,0.1794887147138457
3485.8917062182727,18332.8323188258,9.781926084537524,0.1786189075927094
3485.894021026873,18385.84151581773,9.77879121944941,0.1807630626481699
3485.896335835473,18265.98348249275,9.78589234852602,0.1816758395280445
3485.898650644074,18308.06676133257,9.783393781410204,0.1842748274525003
3485.9009654526744,18462.71937369389,9.774260828425618,0.1876086588933912
3485.903280261741,18455.721956531044,9.774672403181796,0.1885607138253626
3485.905595070341,18429.20303421561,9.776233613298787,0.1882624962888658
3485.9079098789407,18731.91001325662,9.75854484301071,0.1881571351751345
3485.910224687542,18599.81472118468,9.766228454773474,0.1823144136133181
3485.912539496142,18712.903107980837,9.75964707775302,0.1785127885929611
3485.914854304742,18739.451768100356,9.758107796903897,0.1735660164729821
3485.917169113344,18880.66927091252,9.749956537871286,0.1691932617198671
3485.919483921942,18855.51485933686,9.751404011166832,0.1627200087852954
3485.921798730543,18957.260102952103,9.74556107785282,0.156771045769636
3485.924113539143,19200.804198486327,9.731701452765767,0.1513840198532532
3485.9264283477432,19164.35303099262,9.733764593752031,0.1432279387211008
3485.9287431563444,19477.13592148052,9.716187262502018,0.137302034515863
3485.931057964479,19651.57431416137,9.706506629943318,0.1304099453704843
3485.933372773079,19776.398194466132,9.699632005141432,0.1236068064428691
3485.9356875816798,19985.662029376937,9.68820365266741,0.1182054066883105
3485.9380023902804,20221.699057671576,9.675455892835473,0.1141144187054716
3485.9403171988806,20451.1215397181,9.663207175724134,0.1111051692204461
3485.942632007481,20382.286044044868,9.66686776958801,0.1077095746210033
3485.944946815616,20589.96277600368,9.655861096324132,0.1069443708746071
3485.947261624216,20651.625027723483,9.65261442263324,0.1064439649824701
3485.9495764328167,20801.285283803016,9.644774574321705,0.1072364450934044
3485.951891241417,20731.559559137622,9.648420065743238,0.1077606483376663
3485.9542060495514,20997.64470266021,9.634573542927644,0.1109125398292792
3485.956520858152,20849.954404147826,9.642237226071922,0.1128155863896581
3485.958835666752,20611.04623732668,9.65474990609718,0.1150429749419386
3485.9611504753525,20617.259789832595,9.654422641670529,0.1194056489929872
3485.9634652834866,20629.510497566374,9.653777692394794,0.1242293195193306
3485.965780092087,20529.555231059447,9.65905114858874,0.1286335126383142
3485.9680949002213,20427.216657224417,9.664477012048074,0.1336804686768225
3485.970409708822,20300.12578921349,9.671253177459327,0.1394457194061351
3485.9727245174217,20197.66234131455,9.676747231212207,0.1463420039286621
3485.975039325557,19991.343583042435,9.687895041831707,0.1541652865876937
3485.9773541341583,19813.3532700548,9.69760504242075,0.1645136739366744
3485.979668942293,19539.30413382937,9.712727267896671,0.1765035702087621
3485.981983750893,19394.238678001904,9.720818159962883,0.1928884135815777
3485.984298559028,19137.71147122173,9.73527499331066,0.2120630982430375
3485.986613367628,18995.27251965217,9.743386178419753,0.2362241121144384
3485.9889281757623,18837.5412556598,9.752439458845137,0.2620676787637541
3485.9912429843625,18760.46356151602,9.75689108657134,0.2881563286147068
3485.993557792498,18677.67016676043,9.76169324542871,0.3087576636301448
3485.995872601098,18754.055261910813,9.757262021514835,0.3255876327564463
3485.9981874092327,18489.313731509104,9.772698020662082,0.332629034370391
3486.0005022173677,18620.342949056758,9.765030811137589,0.3437840952242131
3486.0028170259684,18540.830213473448,9.769677057752569,0.3491874994340249
3486.005131834103,18517.27567262836,9.771057269752855,0.3541821631704459
3486.0074466427022,18503.502050767067,9.771865168534845,0.3584065157720158
3486.009761450837,18519.09170811442,9.770950794111894,0.3624244833628747
3486.012076258972,18548.39366261722,9.7692342385278,0.3666604637916575
3486.0143910671068,18423.973072259152,9.77654177447694,0.3680875747027242
3486.0167058757065,18558.9968757456,9.768613753361551,0.3751403044933639
3486.0190206838406,18529.138489823727,9.77036193170998,0.3787973150852053
3486.021335491976,18467.698966643573,9.77396803323801,0.3820056124079672
3486.0236503001106,18459.254516214096,9.774464605246024,0.3860673004489797
3486.025965108712,18569.787062574,9.767982690580451,0.3923630374034536
3486.0282799168463,18442.704140445305,9.77543850170212,0.3933410857743046
3486.030594724981,18633.786903925266,9.764247188531067,0.4008184450252944
3486.0329095331163,18510.6039194324,9.7714485297522,0.4008939047160862
3486.035224341251,18568.03461818389,9.76808515713538,0.4045190079669162
3486.0375391493862,18609.75753537601,9.765648213026688,0.4076554959034359
3486.039853957521,18552.41889431977,9.768998645854326,0.4082232843025878
3486.042168766121,18481.593193745142,9.773151483570595,0.408116367963925
3491.26204735812,,,0.0
3491.264362157899,,,0.0
3491.2666769581447,,,0.0
3491.2689917583903,,,0.0
3491.271306558171,,,0.0
3491.273621358416,,,0.0
3491.275936158196,,,0.0
3491.2782509584413,,,0.0
3491.280565758687,,,0.0
3491.282880558468,,,0.0
3491.285195358713,,,0.0
3491.287510158958,19529.962173693813,9.71324649466976,0.0087211226527994
3491.289824959204,21889.4134706454,9.589414688117046,0.0097869084659203
3491.292139758984,22051.54422502405,9.58140248091846,0.0099417494623375
3491.294454559229,20303.451115085125,9.671075339595042,0.0092751318303955
3491.296769359474,17879.708658116746,9.80909890529364,0.0082879600445734
3491.2990841592546,18544.52171523217,9.769460907875912,0.0087218198877437
3491.301398959501,19729.58719543009,9.702205003623495,0.0094286590859936
3491.3037137597457,19792.493842598786,9.698748703740716,0.009651559140028
3491.306028559992,18653.548211081248,9.763096365144245,0.0093268061718428
3491.308343360238,20485.119229548596,9.661403759947792,0.0105657958680542
3491.3106581600177,20385.99005874617,9.666670479770548,0.010924441552249
3491.312972960263,20696.03996959448,9.650281863879446,0.0116022317148004
3491.3152877605085,24766.65187781843,9.455331750720443,0.0145959704658412
3491.317602560754,24194.17001638592,9.480723179547244,0.0150522593919047
3491.319917361,26429.32142137393,9.38478496832813,0.0174330723249923
3491.3222321607795,19284.786297205228,9.726962923425852,0.0135205007530986
3491.324546961025,19812.975401369928,9.697625749144064,0.0148689910419407
3491.326861761271,18262.457455574982,9.786101956984371,0.0147364537014165
3491.3291765615163,18924.664930876028,9.747429502814088,0.0164520056728714
3491.3314913617623,20352.180282339592,9.668472647439843,0.0191413702589785
3491.3338061620075,18304.124609171544,9.783627590815335,0.0187854808443774
3491.336120962253,18704.011852870943,9.76016307741629,0.0210661507319642
3491.338435762499,17840.178177272064,9.81150203114699,0.0221635880124245
3491.3407505627447,18455.97686746584,9.774657407067298,0.0253862877759938
3491.3430653625246,18595.91043223101,9.766456385691283,0.0284532417938501
3491.34538016277,18116.33042871734,9.794824416751808,0.0309226868716441
3491.347694963015,18089.65123196613,9.79642451561618,0.0342655664161727
3491.350009763261,17688.11871116045,9.820795889292924,0.0369164767096225
3491.352324563507,17344.61474710793,9.842088355303334,0.0395167884367872
3491.3546393637525,17622.762358903336,9.824815037880382,0.043227887065447
3491.356954163998,17793.854952188434,9.814324884835386,0.0464596025863008
3491.359268964244,17752.286058585196,9.816864281353132,0.0492817867790039
3491.3615837644893,17846.039172139823,9.811145395176371,0.05288433244186
3491.363898564735,17807.01639723287,9.813522103470714,0.0564411125737496
3491.3662133649805,17816.707438824516,9.81293137831094,0.0603053519858138
3491.368528165226,17752.691504454415,9.81683948442101,0.0639854935253361
3491.370842965472,17773.620114567093,9.815560266213,0.0680432373161409
3491.3731577657177,17805.943171135303,9.813587542594252,0.0721688074521187
3500.000343269434,17756.255399828562,9.816621542150791,1.6261296500205975
3500.208671342006,16315.07419683717,9.908527367024975,1.4686302762087595
3500.21098609796,17840.639516102132,9.811473954869433,1.6322880254304162
3500.21330085438,17838.449414237566,9.811607247112072,1.632305062803404
3500.2156156103347,17846.91284548951,9.811092243014196,1.6337637039895891
3500.217930366288,17832.072977104443,9.81199541797487,1.6330890317909406
3500.220245122242,17890.857550608092,9.808422105460943,1.6397428305304935
3500.2225598786617,17840.668407191406,9.811472196632224,1.6346891232180538
3500.224874634616,17870.888430820483,9.809634641258006,1.638095379452209
3500.227189390571,17871.924211765305,9.809571714767944,1.63899803757862
3500.229504146524,17851.185302960377,9.810832354559508,1.6381009790681944
3500.231818902479,17883.430022417462,9.808872950854738,1.641492500189702
3500.234133658433,17885.00705691314,9.80877721038694,1.6413428343469223
3500.2364484148525,17908.60063091493,9.807345870946287,1.6437567653601386
3504.900672023723,,,0.0
3504.90298677409,,,0.0
3504.905301523991,,,0.0
3504.9076162743568,,,0.0
3504.909931024722,,,0.0
3504.912245774623,,,0.0
3504.91456052499,,,0.0
3504.91687527489,,,0.0
3504.9191900252554,,,0.0
3504.921504775622,,,0.0
3504.9238195255234,,,0.0
3504.926134275889,,,0.0
3504.9284490262557,,,0.0
3504.930763776156,,,0.0
3504.9330785265224,,,0.0
3504.935393276889,15055.20721392601,9.995783156630909,0.0145067507874766
3504.9377080272543,15858.059468316567,9.939374894652577,0.0151450303687977
3504.9400227771544,14896.913715904177,10.007259244235703,0.0140866435703658
3504.942337527521,15397.956083481247,9.971342308392096,0.0143670699925624
3504.944652277888,15898.77598008006,9.936590774978647,0.0145952530829106
3504.946967028254,15245.436223573735,9.982150361211325,0.0137542815566942
3504.949281778154,15882.700780002368,9.937689114640031,0.0140442117477604
3504.951596528521,14702.7333054771,10.021504801031035,0.0127009353189049
3504.9539112788875,15348.43882625741,9.974839481024404,0.0129138377630003
3504.956226029253,15202.754900357211,9.985194265399064,0.0124659695165228
3504.958540779619,15671.273083692267,9.952239303537477,0.0125525437317995
3504.960855529986,15730.492355835606,9.948144209958606,0.0123568900011797
3504.9631702798865,16681.470611679237,9.88441416326488,0.0129179016493952
3504.965485030252,15905.795853097092,9.936111489770774,0.0121989385402518
3504.9677997806184,16397.422775537532,9.9030610143804,0.0124827855343853
3504.9701145309846,15478.467012289666,9.965680135145604,0.011723523437913
3504.972429281351,15813.690011904562,9.94241694679792,0.0119489852774623
3504.974744031717,16547.945447828326,9.893139798687477,0.0125276952568694
3504.977058782083,16348.126632980971,9.906330017229855,0.0125000389829565
3504.979373532449,17347.77176806475,9.841890750450755,0.0134739952167555
3504.981688282816,17468.083526762275,9.834386850222687,0.0138427760999196
3504.9840030331816,17447.79584062993,9.835648572867091,0.014151062990988
3504.986317783548,17651.660643205687,9.823036076362571,0.0147057708539947
3504.9886325339144,17557.69201593926,9.828831433292738,0.0150914467273835
3504.990947284281,18116.91673048547,9.794789279461805,0.016140460073112
3504.993262034647,19254.787323846234,9.72865318488956,0.0179186640472279
3504.995576785013,19720.331629512624,9.702714464909898,0.0194164029173416
3504.9978915353795,22614.57995386316,9.554028686212751,0.0239635369448852
3505.0002062857448,23271.2006316289,9.522953023923272,0.026886951001677
3505.0025210361114,24228.826316023296,9.479169058220032,0.030901856771328
3505.004835786477,23800.376034177367,9.498540453127823,0.033887042396222
3505.007150536844,20267.568086844607,9.67299589834965,0.0325183478017543
3505.009465287676,17555.352267646907,9.828976128774809,0.0320302707404352
3505.011780038042,17624.550839775668,9.82470485538645,0.0368264204982678
3505.0140947884083,18491.58758978078,9.772564502539757,0.0443792190083644
3505.016409538775,17711.854904573618,9.819339885472486,0.0487414505612481
3505.0187242891407,17528.640007703096,9.83062944537051,0.0550293184632733
3505.021039039507,16899.30848428955,9.870327665625826,0.0597520445369411
3505.0233537903387,16931.256678946465,9.868277015761723,0.0661685069635351
3505.025668540705,16777.296077573417,9.878195077959676,0.0710658434161379
3505.0279832910715,16910.38561986157,9.869616221888483,0.0762422129804111
3505.030298041437,16795.535135725993,9.877015385511378,0.0798044484813331
3505.032612792269,16897.301072403774,9.870456644230092,0.0842639275190664
3505.034927542635,16946.11601577255,9.867324561676766,0.0883632119216235
3505.0372422930022,17017.012867512487,9.862791681870013,0.0924341344749478
3505.0395570433675,17145.169328130847,9.85464555343446,0.0966996043417943
3505.041871794199,17228.681428878357,9.849369898381518,0.1007654491917452
3505.044186544566,17203.67568826992,9.850946882645824,0.1043646021768589
3505.046501294933,17257.0221623206,9.847585357885572,0.1086612008686174
3505.048816045764,17253.3510427109,9.847816353213474,0.1128299676235426
3505.05113079613,17308.368379433625,9.844359675373145,0.1176538237355145
3505.0534455464967,17290.551709538915,9.845477872427448,0.1223111472566232
3505.055760297329,17262.503668045887,9.847240540329166,0.1272052776166971
3505.0580750476947,17272.38345244112,9.846619322725743,0.1326640672967642
3505.060389798526,17262.867072994482,9.847217683983168,0.1382422245502467
3505.062704548892,17248.367999380756,9.848129976461315,0.1441075393129332
3505.065019299725,17210.516058660658,9.850515267808571,0.1501400212645412
